{"cameraMode":{"drawMode":0,"name":"Shaded","section":"Shading Mode"},"sceneLighting":true,"audioPlay":false,"sceneViewState":{"showFog":true,"showMaterialUpdate":false,"showSkybox":true,"showFlares":true,"showImageEffects":true,"showParticleSystems":true},"in2DMode":false,"pivot":{"x":9.050041198730469,"y":40.0469970703125,"z":25.16885757446289},"rotation":{"x":-0.4614787995815277,"y":0.5385060906410217,"z":-0.4959852695465088,"w":-0.5010606050491333},"size":154.7560577392578,"orthographic":false}